IXGDF,IGNORE,USUBJID,CENTER,SUBJECT,INDNAME,COMPOUND,STUDY,STUDYN,STUDYDES,PART,EXTENS,TRT,TRTNAME,TRTR,TRTNAMER,VISIT,VISNAME,BASE,SCREEN,TIMEUNIT,DATEDAY,DATETIME,DURATION,NT,TIME,TYPENAME,NAME,VALUE,VALUETXT,UNIT,ULOQ,LLOQ,ROUTE,INTERVAL,NRDOSES,COMMENT
1,,Animal_1,1,Animal_1,XYZ,ABCD12,ABCD12_003,2,ABCD12_003,1,1,8,ABCD12ABCD12_003 2mgperkg,8,ABCD12ABCD12_003 2mgperkg,NaN,unknown,0,0,Hours,unknown,unknown,0,0,0,DOSE,ABCD12 Dose,0.04,NaN,mg,NaN,NaN,oral,NaN,NaN,
2,,Animal_1,1,Animal_1,XYZ,ABCD12,ABCD12_003,2,ABCD12_003,1,1,8,ABCD12ABCD12_003 2mgperkg,8,ABCD12ABCD12_003 2mgperkg,NaN,unknown,0,0,Hours,unknown,unknown,0,0.25,0.25,PK,ABCD12 Concentration,14.13749321,NaN,ng/ml,NaN,NaN,,NaN,NaN,
3,,Animal_1,1,Animal_1,XYZ,ABCD12,ABCD12_003,2,ABCD12_003,1,1,8,ABCD12ABCD12_003 2mgperkg,8,ABCD12ABCD12_003 2mgperkg,NaN,unknown,0,0,Hours,unknown,unknown,0,0.5,0.5,PK,ABCD12 Concentration,27.74848005,NaN,ng/ml,NaN,NaN,,NaN,NaN,
4,,Animal_1,1,Animal_1,XYZ,ABCD12,ABCD12_003,2,ABCD12_003,1,1,8,ABCD12ABCD12_003 2mgperkg,8,ABCD12ABCD12_003 2mgperkg,NaN,unknown,0,0,Hours,unknown,unknown,0,1,1,PK,ABCD12 Concentration,25.65602572,NaN,ng/ml,NaN,NaN,,NaN,NaN,
5,,Animal_1,1,Animal_1,XYZ,ABCD12,ABCD12_003,2,ABCD12_003,1,1,8,ABCD12ABCD12_003 2mgperkg,8,ABCD12ABCD12_003 2mgperkg,NaN,unknown,0,0,Hours,unknown,unknown,0,2,2,PK,ABCD12 Concentration,20.2570074,NaN,ng/ml,NaN,NaN,,NaN,NaN,
6,,Animal_1,1,Animal_1,XYZ,ABCD12,ABCD12_003,2,ABCD12_003,1,1,8,ABCD12ABCD12_003 2mgperkg,8,ABCD12ABCD12_003 2mgperkg,NaN,unknown,0,0,Hours,unknown,unknown,0,4,4,PK,ABCD12 Concentration,15.03845481,NaN,ng/ml,NaN,NaN,,NaN,NaN,
7,,Animal_1,1,Animal_1,XYZ,ABCD12,ABCD12_003,2,ABCD12_003,1,1,8,ABCD12ABCD12_003 2mgperkg,8,ABCD12ABCD12_003 2mgperkg,NaN,unknown,0,0,Hours,unknown,unknown,0,6,6,PK,ABCD12 Concentration,13.98278738,NaN,ng/ml,NaN,NaN,,NaN,NaN,
8,,Animal_1,1,Animal_1,XYZ,ABCD12,ABCD12_003,2,ABCD12_003,1,1,8,ABCD12ABCD12_003 2mgperkg,8,ABCD12ABCD12_003 2mgperkg,NaN,unknown,0,0,Hours,unknown,unknown,0,8,8,PK,ABCD12 Concentration,12.60349368,NaN,ng/ml,NaN,NaN,,NaN,NaN,
9,,Animal_1,1,Animal_1,XYZ,ABCD12,ABCD12_003,2,ABCD12_003,1,1,8,ABCD12ABCD12_003 2mgperkg,8,ABCD12ABCD12_003 2mgperkg,NaN,unknown,0,0,Hours,unknown,unknown,0,23,23,PK,ABCD12 Concentration,2.670076373,NaN,ng/ml,NaN,NaN,,NaN,NaN,
10,,Animal_1,1,Animal_1,XYZ,ABCD12,ABCD12_003,2,ABCD12_003,1,1,8,ABCD12ABCD12_003 2mgperkg,8,ABCD12ABCD12_003 2mgperkg,NaN,unknown,0,0,Hours,unknown,unknown,0,24,24,DOSE,ABCD12 Dose,0.04,NaN,mg,NaN,NaN,oral,NaN,NaN,
11,,Animal_1,1,Animal_1,XYZ,ABCD12,ABCD12_003,2,ABCD12_003,1,1,8,ABCD12ABCD12_003 2mgperkg,8,ABCD12ABCD12_003 2mgperkg,NaN,unknown,0,0,Hours,unknown,unknown,0,48,48,DOSE,ABCD12 Dose,0.04,NaN,mg,NaN,NaN,oral,NaN,NaN,
12,,Animal_1,1,Animal_1,XYZ,ABCD12,ABCD12_003,2,ABCD12_003,1,1,8,ABCD12ABCD12_003 2mgperkg,8,ABCD12ABCD12_003 2mgperkg,NaN,unknown,0,0,Hours,unknown,unknown,0,72,72,DOSE,ABCD12 Dose,0.04,NaN,mg,NaN,NaN,oral,NaN,NaN,
13,,Animal_2,1,Animal_2,XYZ,ABCD12,ABCD12_003,2,ABCD12_003,1,1,7,ABCD12ABCD12_003 25mgperkg,7,ABCD12ABCD12_003 25mgperkg,NaN,unknown,0,0,Hours,unknown,unknown,0,0,0,DOSE,ABCD12 Dose,0.5,NaN,mg,NaN,NaN,oral,NaN,NaN,
14,,Animal_2,1,Animal_2,XYZ,ABCD12,ABCD12_003,2,ABCD12_003,1,1,7,ABCD12ABCD12_003 25mgperkg,7,ABCD12ABCD12_003 25mgperkg,NaN,unknown,0,0,Hours,unknown,unknown,0,0.25,0.25,PK,ABCD12 Concentration,661.2719695,NaN,ng/ml,NaN,NaN,,NaN,NaN,
15,,Animal_2,1,Animal_2,XYZ,ABCD12,ABCD12_003,2,ABCD12_003,1,1,7,ABCD12ABCD12_003 25mgperkg,7,ABCD12ABCD12_003 25mgperkg,NaN,unknown,0,0,Hours,unknown,unknown,0,0.5,0.5,PK,ABCD12 Concentration,1021.432923,NaN,ng/ml,NaN,NaN,,NaN,NaN,
16,,Animal_2,1,Animal_2,XYZ,ABCD12,ABCD12_003,2,ABCD12_003,1,1,7,ABCD12ABCD12_003 25mgperkg,7,ABCD12ABCD12_003 25mgperkg,NaN,unknown,0,0,Hours,unknown,unknown,0,1,1,PK,ABCD12 Concentration,1090.619995,NaN,ng/ml,NaN,NaN,,NaN,NaN,
17,,Animal_2,1,Animal_2,XYZ,ABCD12,ABCD12_003,2,ABCD12_003,1,1,7,ABCD12ABCD12_003 25mgperkg,7,ABCD12ABCD12_003 25mgperkg,NaN,unknown,0,0,Hours,unknown,unknown,0,2,2,PK,ABCD12 Concentration,1088.077977,NaN,ng/ml,NaN,NaN,,NaN,NaN,
18,,Animal_2,1,Animal_2,XYZ,ABCD12,ABCD12_003,2,ABCD12_003,1,1,7,ABCD12ABCD12_003 25mgperkg,7,ABCD12ABCD12_003 25mgperkg,NaN,unknown,0,0,Hours,unknown,unknown,0,4,4,PK,ABCD12 Concentration,494.0820954,NaN,ng/ml,NaN,NaN,,NaN,NaN,
19,,Animal_2,1,Animal_2,XYZ,ABCD12,ABCD12_003,2,ABCD12_003,1,1,7,ABCD12ABCD12_003 25mgperkg,7,ABCD12ABCD12_003 25mgperkg,NaN,unknown,0,0,Hours,unknown,unknown,0,6,6,PK,ABCD12 Concentration,183.2526719,NaN,ng/ml,NaN,NaN,,NaN,NaN,
20,,Animal_2,1,Animal_2,XYZ,ABCD12,ABCD12_003,2,ABCD12_003,1,1,7,ABCD12ABCD12_003 25mgperkg,7,ABCD12ABCD12_003 25mgperkg,NaN,unknown,0,0,Hours,unknown,unknown,0,8,8,PK,ABCD12 Concentration,100.1785254,NaN,ng/ml,NaN,NaN,,NaN,NaN,
21,,Animal_2,1,Animal_2,XYZ,ABCD12,ABCD12_003,2,ABCD12_003,1,1,7,ABCD12ABCD12_003 25mgperkg,7,ABCD12ABCD12_003 25mgperkg,NaN,unknown,0,0,Hours,unknown,unknown,0,23,23,PK,ABCD12 Concentration,3.138900697,NaN,ng/ml,NaN,NaN,,NaN,NaN,
22,,Animal_2,1,Animal_2,XYZ,ABCD12,ABCD12_003,2,ABCD12_003,1,1,7,ABCD12ABCD12_003 25mgperkg,7,ABCD12ABCD12_003 25mgperkg,NaN,unknown,0,0,Hours,unknown,unknown,0,24,24,DOSE,ABCD12 Dose,0.5,NaN,mg,NaN,NaN,oral,NaN,NaN,
23,,Animal_2,1,Animal_2,XYZ,ABCD12,ABCD12_003,2,ABCD12_003,1,1,7,ABCD12ABCD12_003 25mgperkg,7,ABCD12ABCD12_003 25mgperkg,NaN,unknown,0,0,Hours,unknown,unknown,0,48,48,DOSE,ABCD12 Dose,0.5,NaN,mg,NaN,NaN,oral,NaN,NaN,
24,,Animal_2,1,Animal_2,XYZ,ABCD12,ABCD12_003,2,ABCD12_003,1,1,7,ABCD12ABCD12_003 25mgperkg,7,ABCD12ABCD12_003 25mgperkg,NaN,unknown,0,0,Hours,unknown,unknown,0,72,72,DOSE,ABCD12 Dose,0.5,NaN,mg,NaN,NaN,oral,NaN,NaN,
25,,Animal_3,1,Animal_3,XYZ,ABCD12,ABCD12_003,2,ABCD12_003,1,1,9,ABCD12ABCD12_003 5mgperkg,9,ABCD12ABCD12_003 5mgperkg,NaN,unknown,0,0,Hours,unknown,unknown,0,0,0,DOSE,ABCD12 Dose,0.1,NaN,mg,NaN,NaN,oral,NaN,NaN,
26,,Animal_3,1,Animal_3,XYZ,ABCD12,ABCD12_003,2,ABCD12_003,1,1,9,ABCD12ABCD12_003 5mgperkg,9,ABCD12ABCD12_003 5mgperkg,NaN,unknown,0,0,Hours,unknown,unknown,0,0.25,0.25,PK,ABCD12 Concentration,18.51871666,NaN,ng/ml,NaN,NaN,,NaN,NaN,
27,,Animal_3,1,Animal_3,XYZ,ABCD12,ABCD12_003,2,ABCD12_003,1,1,9,ABCD12ABCD12_003 5mgperkg,9,ABCD12ABCD12_003 5mgperkg,NaN,unknown,0,0,Hours,unknown,unknown,0,0.5,0.5,PK,ABCD12 Concentration,27.30905701,NaN,ng/ml,NaN,NaN,,NaN,NaN,
28,,Animal_3,1,Animal_3,XYZ,ABCD12,ABCD12_003,2,ABCD12_003,1,1,9,ABCD12ABCD12_003 5mgperkg,9,ABCD12ABCD12_003 5mgperkg,NaN,unknown,0,0,Hours,unknown,unknown,0,1,1,PK,ABCD12 Concentration,34.8601028,NaN,ng/ml,NaN,NaN,,NaN,NaN,
29,,Animal_3,1,Animal_3,XYZ,ABCD12,ABCD12_003,2,ABCD12_003,1,1,9,ABCD12ABCD12_003 5mgperkg,9,ABCD12ABCD12_003 5mgperkg,NaN,unknown,0,0,Hours,unknown,unknown,0,2,2,PK,ABCD12 Concentration,34.58515623,NaN,ng/ml,NaN,NaN,,NaN,NaN,
30,,Animal_3,1,Animal_3,XYZ,ABCD12,ABCD12_003,2,ABCD12_003,1,1,9,ABCD12ABCD12_003 5mgperkg,9,ABCD12ABCD12_003 5mgperkg,NaN,unknown,0,0,Hours,unknown,unknown,0,4,4,PK,ABCD12 Concentration,28.55994194,NaN,ng/ml,NaN,NaN,,NaN,NaN,
31,,Animal_3,1,Animal_3,XYZ,ABCD12,ABCD12_003,2,ABCD12_003,1,1,9,ABCD12ABCD12_003 5mgperkg,9,ABCD12ABCD12_003 5mgperkg,NaN,unknown,0,0,Hours,unknown,unknown,0,6,6,PK,ABCD12 Concentration,20.60638385,NaN,ng/ml,NaN,NaN,,NaN,NaN,
32,,Animal_3,1,Animal_3,XYZ,ABCD12,ABCD12_003,2,ABCD12_003,1,1,9,ABCD12ABCD12_003 5mgperkg,9,ABCD12ABCD12_003 5mgperkg,NaN,unknown,0,0,Hours,unknown,unknown,0,8,8,PK,ABCD12 Concentration,18.65098247,NaN,ng/ml,NaN,NaN,,NaN,NaN,
33,,Animal_3,1,Animal_3,XYZ,ABCD12,ABCD12_003,2,ABCD12_003,1,1,9,ABCD12ABCD12_003 5mgperkg,9,ABCD12ABCD12_003 5mgperkg,NaN,unknown,0,0,Hours,unknown,unknown,0,23,23,PK,ABCD12 Concentration,10.38092533,NaN,ng/ml,NaN,NaN,,NaN,NaN,
34,,Animal_3,1,Animal_3,XYZ,ABCD12,ABCD12_003,2,ABCD12_003,1,1,9,ABCD12ABCD12_003 5mgperkg,9,ABCD12ABCD12_003 5mgperkg,NaN,unknown,0,0,Hours,unknown,unknown,0,24,24,DOSE,ABCD12 Dose,0.1,NaN,mg,NaN,NaN,oral,NaN,NaN,
35,,Animal_3,1,Animal_3,XYZ,ABCD12,ABCD12_003,2,ABCD12_003,1,1,9,ABCD12ABCD12_003 5mgperkg,9,ABCD12ABCD12_003 5mgperkg,NaN,unknown,0,0,Hours,unknown,unknown,0,48,48,DOSE,ABCD12 Dose,0.1,NaN,mg,NaN,NaN,oral,NaN,NaN,
36,,Animal_3,1,Animal_3,XYZ,ABCD12,ABCD12_003,2,ABCD12_003,1,1,9,ABCD12ABCD12_003 5mgperkg,9,ABCD12ABCD12_003 5mgperkg,NaN,unknown,0,0,Hours,unknown,unknown,0,72,72,DOSE,ABCD12 Dose,0.1,NaN,mg,NaN,NaN,oral,NaN,NaN,
37,,Animal_4,1,Animal_4,XYZ,ABCD12,ABCD12_001,3,ABCD12_001,1,1,11,ABCD12ABCD12_001 100mgperkg,11,ABCD12ABCD12_001 100mgperkg,NaN,unknown,0,0,Hours,unknown,unknown,0,0,0,DOSE,ABCD12 Dose,2,NaN,mg,NaN,NaN,oral,NaN,NaN,
38,,Animal_4,1,Animal_4,XYZ,ABCD12,ABCD12_001,3,ABCD12_001,1,1,11,ABCD12ABCD12_001 100mgperkg,11,ABCD12ABCD12_001 100mgperkg,NaN,unknown,0,0,Hours,unknown,unknown,0,0.25,0.25,PK,ABCD12 Concentration,753.4644146,NaN,ng/ml,NaN,NaN,,NaN,NaN,
39,,Animal_4,1,Animal_4,XYZ,ABCD12,ABCD12_001,3,ABCD12_001,1,1,11,ABCD12ABCD12_001 100mgperkg,11,ABCD12ABCD12_001 100mgperkg,NaN,unknown,0,0,Hours,unknown,unknown,0,1,1,PK,ABCD12 Concentration,2135.428699,NaN,ng/ml,NaN,NaN,,NaN,NaN,
40,,Animal_4,1,Animal_4,XYZ,ABCD12,ABCD12_001,3,ABCD12_001,1,1,11,ABCD12ABCD12_001 100mgperkg,11,ABCD12ABCD12_001 100mgperkg,NaN,unknown,0,0,Hours,unknown,unknown,0,4,4,PK,ABCD12 Concentration,3802.342407,NaN,ng/ml,NaN,NaN,,NaN,NaN,
41,,Animal_4,1,Animal_4,XYZ,ABCD12,ABCD12_001,3,ABCD12_001,1,1,11,ABCD12ABCD12_001 100mgperkg,11,ABCD12ABCD12_001 100mgperkg,NaN,unknown,0,0,Hours,unknown,unknown,0,6,6,PK,ABCD12 Concentration,4170.460196,NaN,ng/ml,NaN,NaN,,NaN,NaN,
42,,Animal_4,1,Animal_4,XYZ,ABCD12,ABCD12_001,3,ABCD12_001,1,1,11,ABCD12ABCD12_001 100mgperkg,11,ABCD12ABCD12_001 100mgperkg,NaN,unknown,0,0,Hours,unknown,unknown,0,23,23,PK,ABCD12 Concentration,38.19976479,NaN,ng/ml,NaN,NaN,,NaN,NaN,
43,,Animal_4,1,Animal_4,XYZ,ABCD12,ABCD12_001,3,ABCD12_001,1,1,11,ABCD12ABCD12_001 100mgperkg,11,ABCD12ABCD12_001 100mgperkg,NaN,unknown,0,0,Hours,unknown,unknown,0,47,47,PK,ABCD12 Concentration,4.886096293,NaN,ng/ml,NaN,NaN,,NaN,NaN,
44,,Animal_4,1,Animal_4,XYZ,ABCD12,ABCD12_001,3,ABCD12_001,1,1,11,ABCD12ABCD12_001 100mgperkg,11,ABCD12ABCD12_001 100mgperkg,NaN,unknown,0,0,Hours,unknown,unknown,0,71,71,PK,ABCD12 Concentration,2.637625921,NaN,ng/ml,NaN,NaN,,NaN,NaN,
45,,Animal_4,1,Animal_4,XYZ,ABCD12,ABCD12_001,3,ABCD12_001,1,1,11,ABCD12ABCD12_001 100mgperkg,11,ABCD12ABCD12_001 100mgperkg,NaN,unknown,0,0,Hours,unknown,unknown,0,95,95,PK,ABCD12 Concentration,2.070834838,NaN,ng/ml,NaN,NaN,,NaN,NaN,
46,,Animal_5,1,Animal_5,XYZ,ABCD12,ABCD12_001,3,ABCD12_001,1,1,12,ABCD12ABCD12_001 10mgperkg,12,ABCD12ABCD12_001 10mgperkg,NaN,unknown,0,0,Hours,unknown,unknown,0,0,0,DOSE,ABCD12 Dose,0.2,NaN,mg,NaN,NaN,oral,NaN,NaN,
47,,Animal_5,1,Animal_5,XYZ,ABCD12,ABCD12_001,3,ABCD12_001,1,1,12,ABCD12ABCD12_001 10mgperkg,12,ABCD12ABCD12_001 10mgperkg,NaN,unknown,0,0,Hours,unknown,unknown,0,0.25,0.25,PK,ABCD12 Concentration,21.44893444,NaN,ng/ml,NaN,NaN,,NaN,NaN,
48,,Animal_5,1,Animal_5,XYZ,ABCD12,ABCD12_001,3,ABCD12_001,1,1,12,ABCD12ABCD12_001 10mgperkg,12,ABCD12ABCD12_001 10mgperkg,NaN,unknown,0,0,Hours,unknown,unknown,0,1,1,PK,ABCD12 Concentration,161.9469467,NaN,ng/ml,NaN,NaN,,NaN,NaN,
49,,Animal_5,1,Animal_5,XYZ,ABCD12,ABCD12_001,3,ABCD12_001,1,1,12,ABCD12ABCD12_001 10mgperkg,12,ABCD12ABCD12_001 10mgperkg,NaN,unknown,0,0,Hours,unknown,unknown,0,4,4,PK,ABCD12 Concentration,68.68326234,NaN,ng/ml,NaN,NaN,,NaN,NaN,
50,,Animal_5,1,Animal_5,XYZ,ABCD12,ABCD12_001,3,ABCD12_001,1,1,12,ABCD12ABCD12_001 10mgperkg,12,ABCD12ABCD12_001 10mgperkg,NaN,unknown,0,0,Hours,unknown,unknown,0,6,6,PK,ABCD12 Concentration,83.06467219,NaN,ng/ml,NaN,NaN,,NaN,NaN,
51,,Animal_5,1,Animal_5,XYZ,ABCD12,ABCD12_001,3,ABCD12_001,1,1,12,ABCD12ABCD12_001 10mgperkg,12,ABCD12ABCD12_001 10mgperkg,NaN,unknown,0,0,Hours,unknown,unknown,0,23,23,PK,ABCD12 Concentration,2.900631421,NaN,ng/ml,NaN,NaN,,NaN,NaN,
52,,Animal_5,1,Animal_5,XYZ,ABCD12,ABCD12_001,3,ABCD12_001,1,1,12,ABCD12ABCD12_001 10mgperkg,12,ABCD12ABCD12_001 10mgperkg,NaN,unknown,0,0,Hours,unknown,unknown,0,47,47,PK,ABCD12 Concentration,1.920257576,NaN,ng/ml,NaN,NaN,,NaN,NaN,
53,,Animal_5,1,Animal_5,XYZ,ABCD12,ABCD12_001,3,ABCD12_001,1,1,12,ABCD12ABCD12_001 10mgperkg,12,ABCD12ABCD12_001 10mgperkg,NaN,unknown,0,0,Hours,unknown,unknown,0,71,71,PK,ABCD12 Concentration,0.476686476,NaN,ng/ml,NaN,NaN,,NaN,NaN,
54,,Animal_5,1,Animal_5,XYZ,ABCD12,ABCD12_001,3,ABCD12_001,1,1,12,ABCD12ABCD12_001 10mgperkg,12,ABCD12ABCD12_001 10mgperkg,NaN,unknown,0,0,Hours,unknown,unknown,0,95,95,PK,ABCD12 Concentration,2.322717679,NaN,ng/ml,NaN,NaN,,NaN,NaN,
55,,Animal_6,1,Animal_6,XYZ,ABCD12,ABCD12_001,3,ABCD12_001,1,1,13,ABCD12ABCD12_001 200mgperkg,13,ABCD12ABCD12_001 200mgperkg,NaN,unknown,0,0,Hours,unknown,unknown,0,0,0,DOSE,ABCD12 Dose,4,NaN,mg,NaN,NaN,oral,NaN,NaN,
56,,Animal_6,1,Animal_6,XYZ,ABCD12,ABCD12_001,3,ABCD12_001,1,1,13,ABCD12ABCD12_001 200mgperkg,13,ABCD12ABCD12_001 200mgperkg,NaN,unknown,0,0,Hours,unknown,unknown,0,0.25,0.25,PK,ABCD12 Concentration,2997.177921,NaN,ng/ml,NaN,NaN,,NaN,NaN,
57,,Animal_6,1,Animal_6,XYZ,ABCD12,ABCD12_001,3,ABCD12_001,1,1,13,ABCD12ABCD12_001 200mgperkg,13,ABCD12ABCD12_001 200mgperkg,NaN,unknown,0,0,Hours,unknown,unknown,0,1,1,PK,ABCD12 Concentration,5474.132408,NaN,ng/ml,NaN,NaN,,NaN,NaN,
58,,Animal_6,1,Animal_6,XYZ,ABCD12,ABCD12_001,3,ABCD12_001,1,1,13,ABCD12ABCD12_001 200mgperkg,13,ABCD12ABCD12_001 200mgperkg,NaN,unknown,0,0,Hours,unknown,unknown,0,4,4,PK,ABCD12 Concentration,10509.36793,NaN,ng/ml,NaN,NaN,,NaN,NaN,
59,,Animal_6,1,Animal_6,XYZ,ABCD12,ABCD12_001,3,ABCD12_001,1,1,13,ABCD12ABCD12_001 200mgperkg,13,ABCD12ABCD12_001 200mgperkg,NaN,unknown,0,0,Hours,unknown,unknown,0,6,6,PK,ABCD12 Concentration,8895.221573,NaN,ng/ml,NaN,NaN,,NaN,NaN,
60,,Animal_6,1,Animal_6,XYZ,ABCD12,ABCD12_001,3,ABCD12_001,1,1,13,ABCD12ABCD12_001 200mgperkg,13,ABCD12ABCD12_001 200mgperkg,NaN,unknown,0,0,Hours,unknown,unknown,0,23,23,PK,ABCD12 Concentration,2280.499511,NaN,ng/ml,NaN,NaN,,NaN,NaN,
61,,Animal_6,1,Animal_6,XYZ,ABCD12,ABCD12_001,3,ABCD12_001,1,1,13,ABCD12ABCD12_001 200mgperkg,13,ABCD12ABCD12_001 200mgperkg,NaN,unknown,0,0,Hours,unknown,unknown,0,47,47,PK,ABCD12 Concentration,11.52358532,NaN,ng/ml,NaN,NaN,,NaN,NaN,
62,,Animal_6,1,Animal_6,XYZ,ABCD12,ABCD12_001,3,ABCD12_001,1,1,13,ABCD12ABCD12_001 200mgperkg,13,ABCD12ABCD12_001 200mgperkg,NaN,unknown,0,0,Hours,unknown,unknown,0,71,71,PK,ABCD12 Concentration,7.544917239,NaN,ng/ml,NaN,NaN,,NaN,NaN,
63,,Animal_6,1,Animal_6,XYZ,ABCD12,ABCD12_001,3,ABCD12_001,1,1,13,ABCD12ABCD12_001 200mgperkg,13,ABCD12ABCD12_001 200mgperkg,NaN,unknown,0,0,Hours,unknown,unknown,0,95,95,PK,ABCD12 Concentration,8.175720614,NaN,ng/ml,NaN,NaN,,NaN,NaN,
64,,Animal_7,1,Animal_7,XYZ,ABCD12,ABCD12_001,3,ABCD12_001,1,1,14,ABCD12ABCD12_001 25mgperkg,14,ABCD12ABCD12_001 25mgperkg,NaN,unknown,0,0,Hours,unknown,unknown,0,0,0,DOSE,ABCD12 Dose,0.5,NaN,mg,NaN,NaN,oral,NaN,NaN,
65,,Animal_7,1,Animal_7,XYZ,ABCD12,ABCD12_001,3,ABCD12_001,1,1,14,ABCD12ABCD12_001 25mgperkg,14,ABCD12ABCD12_001 25mgperkg,NaN,unknown,0,0,Hours,unknown,unknown,0,0.25,0.25,PK,ABCD12 Concentration,443.2592518,NaN,ng/ml,NaN,NaN,,NaN,NaN,
66,,Animal_7,1,Animal_7,XYZ,ABCD12,ABCD12_001,3,ABCD12_001,1,1,14,ABCD12ABCD12_001 25mgperkg,14,ABCD12ABCD12_001 25mgperkg,NaN,unknown,0,0,Hours,unknown,unknown,0,1,1,PK,ABCD12 Concentration,1975.986528,NaN,ng/ml,NaN,NaN,,NaN,NaN,
67,,Animal_7,1,Animal_7,XYZ,ABCD12,ABCD12_001,3,ABCD12_001,1,1,14,ABCD12ABCD12_001 25mgperkg,14,ABCD12ABCD12_001 25mgperkg,NaN,unknown,0,0,Hours,unknown,unknown,0,4,4,PK,ABCD12 Concentration,1157.915272,NaN,ng/ml,NaN,NaN,,NaN,NaN,
68,,Animal_7,1,Animal_7,XYZ,ABCD12,ABCD12_001,3,ABCD12_001,1,1,14,ABCD12ABCD12_001 25mgperkg,14,ABCD12ABCD12_001 25mgperkg,NaN,unknown,0,0,Hours,unknown,unknown,0,6,6,PK,ABCD12 Concentration,607.204033,NaN,ng/ml,NaN,NaN,,NaN,NaN,
69,,Animal_7,1,Animal_7,XYZ,ABCD12,ABCD12_001,3,ABCD12_001,1,1,14,ABCD12ABCD12_001 25mgperkg,14,ABCD12ABCD12_001 25mgperkg,NaN,unknown,0,0,Hours,unknown,unknown,0,23,23,PK,ABCD12 Concentration,4.934822907,NaN,ng/ml,NaN,NaN,,NaN,NaN,
70,,Animal_7,1,Animal_7,XYZ,ABCD12,ABCD12_001,3,ABCD12_001,1,1,14,ABCD12ABCD12_001 25mgperkg,14,ABCD12ABCD12_001 25mgperkg,NaN,unknown,0,0,Hours,unknown,unknown,0,47,47,PK,ABCD12 Concentration,0.903484885,NaN,ng/ml,NaN,NaN,,NaN,NaN,
71,,Animal_7,1,Animal_7,XYZ,ABCD12,ABCD12_001,3,ABCD12_001,1,1,14,ABCD12ABCD12_001 25mgperkg,14,ABCD12ABCD12_001 25mgperkg,NaN,unknown,0,0,Hours,unknown,unknown,0,71,71,PK,ABCD12 Concentration,1.731869467,NaN,ng/ml,NaN,NaN,,NaN,NaN,
72,,Animal_7,1,Animal_7,XYZ,ABCD12,ABCD12_001,3,ABCD12_001,1,1,14,ABCD12ABCD12_001 25mgperkg,14,ABCD12ABCD12_001 25mgperkg,NaN,unknown,0,0,Hours,unknown,unknown,0,95,95,PK,ABCD12 Concentration,1.747001014,NaN,ng/ml,NaN,NaN,,NaN,NaN,
73,,Animal_8,1,Animal_8,XYZ,ABCD12,ABCD12_001,3,ABCD12_001,1,1,15,ABCD12ABCD12_001 50mgperkg,15,ABCD12ABCD12_001 50mgperkg,NaN,unknown,0,0,Hours,unknown,unknown,0,0,0,DOSE,ABCD12 Dose,1,NaN,mg,NaN,NaN,oral,NaN,NaN,
74,,Animal_8,1,Animal_8,XYZ,ABCD12,ABCD12_001,3,ABCD12_001,1,1,15,ABCD12ABCD12_001 50mgperkg,15,ABCD12ABCD12_001 50mgperkg,NaN,unknown,0,0,Hours,unknown,unknown,0,0.25,0.25,PK,ABCD12 Concentration,205.3853272,NaN,ng/ml,NaN,NaN,,NaN,NaN,
75,,Animal_8,1,Animal_8,XYZ,ABCD12,ABCD12_001,3,ABCD12_001,1,1,15,ABCD12ABCD12_001 50mgperkg,15,ABCD12ABCD12_001 50mgperkg,NaN,unknown,0,0,Hours,unknown,unknown,0,1,1,PK,ABCD12 Concentration,1108.942256,NaN,ng/ml,NaN,NaN,,NaN,NaN,
76,,Animal_8,1,Animal_8,XYZ,ABCD12,ABCD12_001,3,ABCD12_001,1,1,15,ABCD12ABCD12_001 50mgperkg,15,ABCD12ABCD12_001 50mgperkg,NaN,unknown,0,0,Hours,unknown,unknown,0,4,4,PK,ABCD12 Concentration,1617.666321,NaN,ng/ml,NaN,NaN,,NaN,NaN,
77,,Animal_8,1,Animal_8,XYZ,ABCD12,ABCD12_001,3,ABCD12_001,1,1,15,ABCD12ABCD12_001 50mgperkg,15,ABCD12ABCD12_001 50mgperkg,NaN,unknown,0,0,Hours,unknown,unknown,0,6,6,PK,ABCD12 Concentration,2048.223543,NaN,ng/ml,NaN,NaN,,NaN,NaN,
78,,Animal_8,1,Animal_8,XYZ,ABCD12,ABCD12_001,3,ABCD12_001,1,1,15,ABCD12ABCD12_001 50mgperkg,15,ABCD12ABCD12_001 50mgperkg,NaN,unknown,0,0,Hours,unknown,unknown,0,23,23,PK,ABCD12 Concentration,11.41393425,NaN,ng/ml,NaN,NaN,,NaN,NaN,
79,,Animal_8,1,Animal_8,XYZ,ABCD12,ABCD12_001,3,ABCD12_001,1,1,15,ABCD12ABCD12_001 50mgperkg,15,ABCD12ABCD12_001 50mgperkg,NaN,unknown,0,0,Hours,unknown,unknown,0,47,47,PK,ABCD12 Concentration,4.822213242,NaN,ng/ml,NaN,NaN,,NaN,NaN,
80,,Animal_8,1,Animal_8,XYZ,ABCD12,ABCD12_001,3,ABCD12_001,1,1,15,ABCD12ABCD12_001 50mgperkg,15,ABCD12ABCD12_001 50mgperkg,NaN,unknown,0,0,Hours,unknown,unknown,0,71,71,PK,ABCD12 Concentration,0.115746296,NaN,ng/ml,NaN,NaN,,NaN,NaN,
81,,Animal_9,1,Animal_9,XYZ,ABCD12,ABCD12_002,1,ABCD12_002,1,1,2,ABCD12ABCD12_002 10mgperkg,2,ABCD12ABCD12_002 10mgperkg,NaN,unknown,0,0,Hours,unknown,unknown,0,0,0,DOSE,ABCD12 Dose,0.2,NaN,mg,NaN,NaN,oral,NaN,NaN,
82,,Animal_9,1,Animal_9,XYZ,ABCD12,ABCD12_002,1,ABCD12_002,1,1,2,ABCD12ABCD12_002 10mgperkg,2,ABCD12ABCD12_002 10mgperkg,NaN,unknown,0,0,Hours,unknown,unknown,0,0.25,0.25,PK,ABCD12 Concentration,115.4063315,NaN,ng/ml,NaN,NaN,,NaN,NaN,
83,,Animal_9,1,Animal_9,XYZ,ABCD12,ABCD12_002,1,ABCD12_002,1,1,2,ABCD12ABCD12_002 10mgperkg,2,ABCD12ABCD12_002 10mgperkg,NaN,unknown,0,0,Hours,unknown,unknown,0,0.5,0.5,PK,ABCD12 Concentration,204.8995549,NaN,ng/ml,NaN,NaN,,NaN,NaN,
84,,Animal_9,1,Animal_9,XYZ,ABCD12,ABCD12_002,1,ABCD12_002,1,1,2,ABCD12ABCD12_002 10mgperkg,2,ABCD12ABCD12_002 10mgperkg,NaN,unknown,0,0,Hours,unknown,unknown,0,1,1,PK,ABCD12 Concentration,223.675896,NaN,ng/ml,NaN,NaN,,NaN,NaN,
85,,Animal_9,1,Animal_9,XYZ,ABCD12,ABCD12_002,1,ABCD12_002,1,1,2,ABCD12ABCD12_002 10mgperkg,2,ABCD12ABCD12_002 10mgperkg,NaN,unknown,0,0,Hours,unknown,unknown,0,2,2,PK,ABCD12 Concentration,221.6993526,NaN,ng/ml,NaN,NaN,,NaN,NaN,
86,,Animal_9,1,Animal_9,XYZ,ABCD12,ABCD12_002,1,ABCD12_002,1,1,2,ABCD12ABCD12_002 10mgperkg,2,ABCD12ABCD12_002 10mgperkg,NaN,unknown,0,0,Hours,unknown,unknown,0,4,4,PK,ABCD12 Concentration,91.60850783,NaN,ng/ml,NaN,NaN,,NaN,NaN,
87,,Animal_9,1,Animal_9,XYZ,ABCD12,ABCD12_002,1,ABCD12_002,1,1,2,ABCD12ABCD12_002 10mgperkg,2,ABCD12ABCD12_002 10mgperkg,NaN,unknown,0,0,Hours,unknown,unknown,0,6,6,PK,ABCD12 Concentration,42.50894355,NaN,ng/ml,NaN,NaN,,NaN,NaN,
88,,Animal_9,1,Animal_9,XYZ,ABCD12,ABCD12_002,1,ABCD12_002,1,1,2,ABCD12ABCD12_002 10mgperkg,2,ABCD12ABCD12_002 10mgperkg,NaN,unknown,0,0,Hours,unknown,unknown,0,8,8,PK,ABCD12 Concentration,37.06058572,NaN,ng/ml,NaN,NaN,,NaN,NaN,
89,,Animal_9,1,Animal_9,XYZ,ABCD12,ABCD12_002,1,ABCD12_002,1,1,2,ABCD12ABCD12_002 10mgperkg,2,ABCD12ABCD12_002 10mgperkg,NaN,unknown,0,0,Hours,unknown,unknown,0,23,23,PK,ABCD12 Concentration,2.282238382,NaN,ng/ml,NaN,NaN,,NaN,NaN,
90,,Animal_9,1,Animal_9,XYZ,ABCD12,ABCD12_002,1,ABCD12_002,1,1,2,ABCD12ABCD12_002 10mgperkg,2,ABCD12ABCD12_002 10mgperkg,NaN,unknown,0,0,Hours,unknown,unknown,0,24,24,DOSE,ABCD12 Dose,0.2,NaN,mg,NaN,NaN,oral,NaN,NaN,
91,,Animal_9,1,Animal_9,XYZ,ABCD12,ABCD12_002,1,ABCD12_002,1,1,2,ABCD12ABCD12_002 10mgperkg,2,ABCD12ABCD12_002 10mgperkg,NaN,unknown,0,0,Hours,unknown,unknown,0,48,48,DOSE,ABCD12 Dose,0.2,NaN,mg,NaN,NaN,oral,NaN,NaN,
92,,Animal_9,1,Animal_9,XYZ,ABCD12,ABCD12_002,1,ABCD12_002,1,1,2,ABCD12ABCD12_002 10mgperkg,2,ABCD12ABCD12_002 10mgperkg,NaN,unknown,0,0,Hours,unknown,unknown,0,72,72,DOSE,ABCD12 Dose,0.2,NaN,mg,NaN,NaN,oral,NaN,NaN,
93,,Animal_10,1,Animal_10,XYZ,ABCD12,ABCD12_002,1,ABCD12_002,1,1,3,ABCD12ABCD12_002 50mgperkg,3,ABCD12ABCD12_002 50mgperkg,NaN,unknown,0,0,Hours,unknown,unknown,0,0,0,DOSE,ABCD12 Dose,1,NaN,mg,NaN,NaN,oral,NaN,NaN,
94,,Animal_10,1,Animal_10,XYZ,ABCD12,ABCD12_002,1,ABCD12_002,1,1,3,ABCD12ABCD12_002 50mgperkg,3,ABCD12ABCD12_002 50mgperkg,NaN,unknown,0,0,Hours,unknown,unknown,0,0.25,0.25,PK,ABCD12 Concentration,235.9312304,NaN,ng/ml,NaN,NaN,,NaN,NaN,
95,,Animal_10,1,Animal_10,XYZ,ABCD12,ABCD12_002,1,ABCD12_002,1,1,3,ABCD12ABCD12_002 50mgperkg,3,ABCD12ABCD12_002 50mgperkg,NaN,unknown,0,0,Hours,unknown,unknown,0,0.5,0.5,PK,ABCD12 Concentration,724.9808766,NaN,ng/ml,NaN,NaN,,NaN,NaN,
96,,Animal_10,1,Animal_10,XYZ,ABCD12,ABCD12_002,1,ABCD12_002,1,1,3,ABCD12ABCD12_002 50mgperkg,3,ABCD12ABCD12_002 50mgperkg,NaN,unknown,0,0,Hours,unknown,unknown,0,1,1,PK,ABCD12 Concentration,1226.66531,NaN,ng/ml,NaN,NaN,,NaN,NaN,
97,,Animal_10,1,Animal_10,XYZ,ABCD12,ABCD12_002,1,ABCD12_002,1,1,3,ABCD12ABCD12_002 50mgperkg,3,ABCD12ABCD12_002 50mgperkg,NaN,unknown,0,0,Hours,unknown,unknown,0,2,2,PK,ABCD12 Concentration,1056.733869,NaN,ng/ml,NaN,NaN,,NaN,NaN,
98,,Animal_10,1,Animal_10,XYZ,ABCD12,ABCD12_002,1,ABCD12_002,1,1,3,ABCD12ABCD12_002 50mgperkg,3,ABCD12ABCD12_002 50mgperkg,NaN,unknown,0,0,Hours,unknown,unknown,0,4,4,PK,ABCD12 Concentration,1619.901239,NaN,ng/ml,NaN,NaN,,NaN,NaN,
99,,Animal_10,1,Animal_10,XYZ,ABCD12,ABCD12_002,1,ABCD12_002,1,1,3,ABCD12ABCD12_002 50mgperkg,3,ABCD12ABCD12_002 50mgperkg,NaN,unknown,0,0,Hours,unknown,unknown,0,6,6,PK,ABCD12 Concentration,1600.598372,NaN,ng/ml,NaN,NaN,,NaN,NaN,
100,,Animal_10,1,Animal_10,XYZ,ABCD12,ABCD12_002,1,ABCD12_002,1,1,3,ABCD12ABCD12_002 50mgperkg,3,ABCD12ABCD12_002 50mgperkg,NaN,unknown,0,0,Hours,unknown,unknown,0,8,8,PK,ABCD12 Concentration,1503.420847,NaN,ng/ml,NaN,NaN,,NaN,NaN,
101,,Animal_10,1,Animal_10,XYZ,ABCD12,ABCD12_002,1,ABCD12_002,1,1,3,ABCD12ABCD12_002 50mgperkg,3,ABCD12ABCD12_002 50mgperkg,NaN,unknown,0,0,Hours,unknown,unknown,0,23,23,PK,ABCD12 Concentration,8.369057725,NaN,ng/ml,NaN,NaN,,NaN,NaN,
102,,Animal_10,1,Animal_10,XYZ,ABCD12,ABCD12_002,1,ABCD12_002,1,1,3,ABCD12ABCD12_002 50mgperkg,3,ABCD12ABCD12_002 50mgperkg,NaN,unknown,0,0,Hours,unknown,unknown,0,24,24,DOSE,ABCD12 Dose,1,NaN,mg,NaN,NaN,oral,NaN,NaN,
103,,Animal_10,1,Animal_10,XYZ,ABCD12,ABCD12_002,1,ABCD12_002,1,1,3,ABCD12ABCD12_002 50mgperkg,3,ABCD12ABCD12_002 50mgperkg,NaN,unknown,0,0,Hours,unknown,unknown,0,48,48,DOSE,ABCD12 Dose,1,NaN,mg,NaN,NaN,oral,NaN,NaN,
104,,Animal_10,1,Animal_10,XYZ,ABCD12,ABCD12_002,1,ABCD12_002,1,1,3,ABCD12ABCD12_002 50mgperkg,3,ABCD12ABCD12_002 50mgperkg,NaN,unknown,0,0,Hours,unknown,unknown,0,72,72,DOSE,ABCD12 Dose,1,NaN,mg,NaN,NaN,oral,NaN,NaN,
105,,Animal_11,1,Animal_11,XYZ,ABCD12,ABCD12_003,2,ABCD12_003,1,1,5,ABCD12ABCD12_003 100mgperkg,5,ABCD12ABCD12_003 100mgperkg,NaN,unknown,0,0,Hours,unknown,unknown,0,0,0,DOSE,ABCD12 Dose,2,NaN,mg,NaN,NaN,oral,NaN,NaN,
106,,Animal_11,1,Animal_11,XYZ,ABCD12,ABCD12_003,2,ABCD12_003,1,1,5,ABCD12ABCD12_003 100mgperkg,5,ABCD12ABCD12_003 100mgperkg,NaN,unknown,0,0,Hours,unknown,unknown,0,0.25,0.25,PK,ABCD12 Concentration,1918.806399,NaN,ng/ml,NaN,NaN,,NaN,NaN,
107,,Animal_11,1,Animal_11,XYZ,ABCD12,ABCD12_003,2,ABCD12_003,1,1,5,ABCD12ABCD12_003 100mgperkg,5,ABCD12ABCD12_003 100mgperkg,NaN,unknown,0,0,Hours,unknown,unknown,0,0.5,0.5,PK,ABCD12 Concentration,3165.541431,NaN,ng/ml,NaN,NaN,,NaN,NaN,
108,,Animal_11,1,Animal_11,XYZ,ABCD12,ABCD12_003,2,ABCD12_003,1,1,5,ABCD12ABCD12_003 100mgperkg,5,ABCD12ABCD12_003 100mgperkg,NaN,unknown,0,0,Hours,unknown,unknown,0,1,1,PK,ABCD12 Concentration,5037.129907,NaN,ng/ml,NaN,NaN,,NaN,NaN,
109,,Animal_11,1,Animal_11,XYZ,ABCD12,ABCD12_003,2,ABCD12_003,1,1,5,ABCD12ABCD12_003 100mgperkg,5,ABCD12ABCD12_003 100mgperkg,NaN,unknown,0,0,Hours,unknown,unknown,0,2,2,PK,ABCD12 Concentration,5339.454039,NaN,ng/ml,NaN,NaN,,NaN,NaN,
110,,Animal_11,1,Animal_11,XYZ,ABCD12,ABCD12_003,2,ABCD12_003,1,1,5,ABCD12ABCD12_003 100mgperkg,5,ABCD12ABCD12_003 100mgperkg,NaN,unknown,0,0,Hours,unknown,unknown,0,4,4,PK,ABCD12 Concentration,5321.509942,NaN,ng/ml,NaN,NaN,,NaN,NaN,
111,,Animal_11,1,Animal_11,XYZ,ABCD12,ABCD12_003,2,ABCD12_003,1,1,5,ABCD12ABCD12_003 100mgperkg,5,ABCD12ABCD12_003 100mgperkg,NaN,unknown,0,0,Hours,unknown,unknown,0,6,6,PK,ABCD12 Concentration,2819.150861,NaN,ng/ml,NaN,NaN,,NaN,NaN,
112,,Animal_11,1,Animal_11,XYZ,ABCD12,ABCD12_003,2,ABCD12_003,1,1,5,ABCD12ABCD12_003 100mgperkg,5,ABCD12ABCD12_003 100mgperkg,NaN,unknown,0,0,Hours,unknown,unknown,0,8,8,PK,ABCD12 Concentration,2261.197562,NaN,ng/ml,NaN,NaN,,NaN,NaN,
113,,Animal_11,1,Animal_11,XYZ,ABCD12,ABCD12_003,2,ABCD12_003,1,1,5,ABCD12ABCD12_003 100mgperkg,5,ABCD12ABCD12_003 100mgperkg,NaN,unknown,0,0,Hours,unknown,unknown,0,23,23,PK,ABCD12 Concentration,178.1429455,NaN,ng/ml,NaN,NaN,,NaN,NaN,
114,,Animal_11,1,Animal_11,XYZ,ABCD12,ABCD12_003,2,ABCD12_003,1,1,5,ABCD12ABCD12_003 100mgperkg,5,ABCD12ABCD12_003 100mgperkg,NaN,unknown,0,0,Hours,unknown,unknown,0,24,24,DOSE,ABCD12 Dose,2,NaN,mg,NaN,NaN,oral,NaN,NaN,
115,,Animal_11,1,Animal_11,XYZ,ABCD12,ABCD12_003,2,ABCD12_003,1,1,5,ABCD12ABCD12_003 100mgperkg,5,ABCD12ABCD12_003 100mgperkg,NaN,unknown,0,0,Hours,unknown,unknown,0,48,48,DOSE,ABCD12 Dose,2,NaN,mg,NaN,NaN,oral,NaN,NaN,
116,,Animal_11,1,Animal_11,XYZ,ABCD12,ABCD12_003,2,ABCD12_003,1,1,5,ABCD12ABCD12_003 100mgperkg,5,ABCD12ABCD12_003 100mgperkg,NaN,unknown,0,0,Hours,unknown,unknown,0,72,72,DOSE,ABCD12 Dose,2,NaN,mg,NaN,NaN,oral,NaN,NaN,
117,,Animal_12,1,Animal_12,XYZ,ABCD12,ABCD12_003,2,ABCD12_003,1,1,6,ABCD12ABCD12_003 1mgperkg,6,ABCD12ABCD12_003 1mgperkg,NaN,unknown,0,0,Hours,unknown,unknown,0,0,0,DOSE,ABCD12 Dose,0.02,NaN,mg,NaN,NaN,oral,NaN,NaN,
118,,Animal_12,1,Animal_12,XYZ,ABCD12,ABCD12_003,2,ABCD12_003,1,1,6,ABCD12ABCD12_003 1mgperkg,6,ABCD12ABCD12_003 1mgperkg,NaN,unknown,0,0,Hours,unknown,unknown,0,0.25,0.25,PK,ABCD12 Concentration,3.633146426,NaN,ng/ml,NaN,NaN,,NaN,NaN,
119,,Animal_12,1,Animal_12,XYZ,ABCD12,ABCD12_003,2,ABCD12_003,1,1,6,ABCD12ABCD12_003 1mgperkg,6,ABCD12ABCD12_003 1mgperkg,NaN,unknown,0,0,Hours,unknown,unknown,0,0.5,0.5,PK,ABCD12 Concentration,12.19682339,NaN,ng/ml,NaN,NaN,,NaN,NaN,
120,,Animal_12,1,Animal_12,XYZ,ABCD12,ABCD12_003,2,ABCD12_003,1,1,6,ABCD12ABCD12_003 1mgperkg,6,ABCD12ABCD12_003 1mgperkg,NaN,unknown,0,0,Hours,unknown,unknown,0,1,1,PK,ABCD12 Concentration,2.376032795,NaN,ng/ml,NaN,NaN,,NaN,NaN,
121,,Animal_12,1,Animal_12,XYZ,ABCD12,ABCD12_003,2,ABCD12_003,1,1,6,ABCD12ABCD12_003 1mgperkg,6,ABCD12ABCD12_003 1mgperkg,NaN,unknown,0,0,Hours,unknown,unknown,0,2,2,PK,ABCD12 Concentration,2.083046931,NaN,ng/ml,NaN,NaN,,NaN,NaN,
122,,Animal_12,1,Animal_12,XYZ,ABCD12,ABCD12_003,2,ABCD12_003,1,1,6,ABCD12ABCD12_003 1mgperkg,6,ABCD12ABCD12_003 1mgperkg,NaN,unknown,0,0,Hours,unknown,unknown,0,4,4,PK,ABCD12 Concentration,0.586559049,NaN,ng/ml,NaN,NaN,,NaN,NaN,
123,,Animal_12,1,Animal_12,XYZ,ABCD12,ABCD12_003,2,ABCD12_003,1,1,6,ABCD12ABCD12_003 1mgperkg,6,ABCD12ABCD12_003 1mgperkg,NaN,unknown,0,0,Hours,unknown,unknown,0,6,6,PK,ABCD12 Concentration,3.278651273,NaN,ng/ml,NaN,NaN,,NaN,NaN,
124,,Animal_12,1,Animal_12,XYZ,ABCD12,ABCD12_003,2,ABCD12_003,1,1,6,ABCD12ABCD12_003 1mgperkg,6,ABCD12ABCD12_003 1mgperkg,NaN,unknown,0,0,Hours,unknown,unknown,0,23,23,PK,ABCD12 Concentration,1.868362926,NaN,ng/ml,NaN,NaN,,NaN,NaN,
125,,Animal_12,1,Animal_12,XYZ,ABCD12,ABCD12_003,2,ABCD12_003,1,1,6,ABCD12ABCD12_003 1mgperkg,6,ABCD12ABCD12_003 1mgperkg,NaN,unknown,0,0,Hours,unknown,unknown,0,24,24,DOSE,ABCD12 Dose,0.02,NaN,mg,NaN,NaN,oral,NaN,NaN,
126,,Animal_12,1,Animal_12,XYZ,ABCD12,ABCD12_003,2,ABCD12_003,1,1,6,ABCD12ABCD12_003 1mgperkg,6,ABCD12ABCD12_003 1mgperkg,NaN,unknown,0,0,Hours,unknown,unknown,0,48,48,DOSE,ABCD12 Dose,0.02,NaN,mg,NaN,NaN,oral,NaN,NaN,
127,,Animal_12,1,Animal_12,XYZ,ABCD12,ABCD12_003,2,ABCD12_003,1,1,6,ABCD12ABCD12_003 1mgperkg,6,ABCD12ABCD12_003 1mgperkg,NaN,unknown,0,0,Hours,unknown,unknown,0,72,72,DOSE,ABCD12 Dose,0.02,NaN,mg,NaN,NaN,oral,NaN,NaN,
