.,auxiliary,compareFilesEqualIQM.m,,,,
.,auxiliary,compatibility,mat2datasetIQM.m,,,
.,auxiliary,compatibility,strmatchIQM.m,,,
.,auxiliary,compliance,getComplianceModeIQM.m,,,
.,auxiliary,compliance,getFunctionCallInformationIQM.m,,,
.,auxiliary,compliance,IQMconvertCellTable2ReportTable.m,,,
.,auxiliary,compliance,IQMinitializeCompliance.m,,,
.,auxiliary,diff,diffIQM.m,,,
.,auxiliary,getDefaultIntegratorOptionsIQM.m,,,,
.,auxiliary,getSAStoolInfoIQM.m,,,,
.,auxiliary,graphics,ps,ps2pdfSB,ps2pdf.m,
.,auxiliary,graphics,ps,ps2pdfSB,ps2pdfIQM.m,
.,auxiliary,graphics,subaxis,parseArgs.m,,
.,auxiliary,graphics,subaxis,subaxis.m,,
.,auxiliary,help,NovakTyson.m,,,
.,auxiliary,isIQMproPresent.m,,,,
.,auxiliary,isSymbolicpresentIQM.m,,,,
.,auxiliary,lookforIQML.m,,,,
.,auxiliary,matrix,makePosSemiDefIQM.m,,,
.,auxiliary,output,IQMconvert2pdf.m,,,
.,auxiliary,output,IQMgetcolors.m,,,
.,auxiliary,output,IQMprintFigure.m,,,
.,auxiliary,output,IQMstartNewPrintFigure.m,,,
.,auxiliary,output,IQMwriteText2File.m,,,
.,auxiliary,parallel,isInsideParForLoopIQM.m,,,
.,auxiliary,parallel,sizeParallelIQM.m,,,
.,auxiliary,parallel,startParallelIQM.m,,,
.,auxiliary,parallel,stopParallelIQM.m,,,
.,auxiliary,setseedIQM.m,,,,
.,auxiliary,tempfilehandling,tempdirIQM.m,,,
.,auxiliary,tempfilehandling,tempnameIQM.m,,,
.,auxiliary,THIRD_PARTY_SOFTWARE,SBMLimportExport,auxiliary,buildSBML.m,
.,auxiliary,THIRD_PARTY_SOFTWARE,SBMLimportExport,auxiliary,CheckAndConvert.m,
.,auxiliary,THIRD_PARTY_SOFTWARE,SBMLimportExport,auxiliary,Contents.m,
.,auxiliary,THIRD_PARTY_SOFTWARE,SBMLimportExport,auxiliary,ConvertFormulaToMathML.m,
.,auxiliary,THIRD_PARTY_SOFTWARE,SBMLimportExport,auxiliary,installSBML.m,
.,auxiliary,THIRD_PARTY_SOFTWARE,SBMLimportExport,auxiliary,isFbcEnabled.m,
.,auxiliary,THIRD_PARTY_SOFTWARE,SBMLimportExport,auxiliary,isoctave.m,
.,auxiliary,THIRD_PARTY_SOFTWARE,SBMLimportExport,auxiliary,isSBML_Model.m,
.,auxiliary,THIRD_PARTY_SOFTWARE,SBMLimportExport,OutputSBML.m,,
.,auxiliary,THIRD_PARTY_SOFTWARE,SBMLimportExport,TranslateSBML.m,,
.,auxiliary,usernameIQM.m,,,,
.,classes,@IQMdosing,display.m,,,
.,classes,@IQMdosing,IQMdosing.m,,,
.,classes,@IQMdosing,IQMstruct.m,,,
.,classes,@IQMexperiment,display.m,,,
.,classes,@IQMexperiment,IQMexperiment.m,,,
.,classes,@IQMexperiment,IQMstruct.m,,,
.,classes,@IQMmeasurement,display.m,,,
.,classes,@IQMmeasurement,IQMmeasurement.m,,,
.,classes,@IQMmeasurement,IQMstruct.m,,,
.,classes,@IQMmodel,display.m,,,
.,classes,@IQMmodel,IQMmodel.m,,,
.,classes,@IQMmodel,IQMstruct.m,,,
.,classes,@IQMmodel,private,inputoutputIQMmodelParsingIQM.m,,
.,classeshandling,dosehandling,auxiliary,doseinputsIQM.m,,
.,classeshandling,dosehandling,auxiliary,dosing2doseeventIQM.m,,
.,classeshandling,dosehandling,auxiliary,getmoddosinputinfoIQM.m,,
.,classeshandling,dosehandling,auxiliary,IQMdose2text,convertDosToTextIQM.m,
.,classeshandling,dosehandling,auxiliary,IQMdose2text,setPartsToCompleteTextDosIQM.m,
.,classeshandling,dosehandling,auxiliary,text2IQMdose,convertTextToDosIQM.m,
.,classeshandling,dosehandling,auxiliary,text2IQMdose,getPartsFromCompleteTextDosIQM.m,
.,classeshandling,dosehandling,IQMcreateDOSfile.m,,,
.,classeshandling,dosehandling,IQMcreateDOSING.m,,,
.,classeshandling,dosehandling,IQMdoseupdatevalue.m,,,
.,classeshandling,dosehandling,IQMmergemoddos.m,,,
.,classeshandling,dosehandling,isIQMdosing.m,,,
.,classeshandling,dosehandling,mergemoddosIQM.m,,,
.,classeshandling,experimenthandling,auxiliary,checkProcessActiveSetParameterSetIQM.m,,
.,classeshandling,experimenthandling,auxiliary,exp2text,convertExpToTextIQM.m,
.,classeshandling,experimenthandling,auxiliary,exp2text,setPartsToCompleteTextExpIQM.m,
.,classeshandling,experimenthandling,auxiliary,text2exp,convertTextToExpIQM.m,
.,classeshandling,experimenthandling,auxiliary,text2exp,getPartsFromCompleteTextExpIQM.m,
.,classeshandling,experimenthandling,IQMcreateEXPfile.m,,,
.,classeshandling,experimenthandling,IQMmergemodexp.m,,,
.,classeshandling,experimenthandling,isIQMexperiment.m,,,
.,classeshandling,measurementhandling,IQMexportCSVmeasurement.m,,,
.,classeshandling,measurementhandling,IQMexportXLSmeasurement.m,,,
.,classeshandling,measurementhandling,IQMexportXLSmeasurements.m,,,
.,classeshandling,measurementhandling,IQMimportCSVmeasurement.m,,,
.,classeshandling,measurementhandling,IQMimportXLSmeasurement.m,,,
.,classeshandling,measurementhandling,IQMmeasurementdata.m,,,
.,classeshandling,measurementhandling,IQMvisualizemeasurement.m,,,
.,classeshandling,measurementhandling,isIQMmeasurement.m,,,
.,classeshandling,modelhandling,auxiliary,addparameterIQM.m,,
.,classeshandling,modelhandling,auxiliary,addpiecewiseeventsIQM.m,,
.,classeshandling,modelhandling,auxiliary,addreactionrateIQM.m,,
.,classeshandling,modelhandling,auxiliary,check functions,hasmoietyconservationsIQM.m,
.,classeshandling,modelhandling,auxiliary,check functions,hasonlynumericICsIQM.m,
.,classeshandling,modelhandling,auxiliary,check functions,isparameterIQM.m,
.,classeshandling,modelhandling,auxiliary,check functions,isreactionIQM.m,
.,classeshandling,modelhandling,auxiliary,check functions,isstateIQM.m,
.,classeshandling,modelhandling,auxiliary,check functions,isvariableIQM.m,
.,classeshandling,modelhandling,auxiliary,check functions,usealgebraicIQM.m,
.,classeshandling,modelhandling,auxiliary,check functions,usedelayIQM.m,
.,classeshandling,modelhandling,auxiliary,check functions,useeventIQM.m,
.,classeshandling,modelhandling,auxiliary,check functions,usefastIQM.m,
.,classeshandling,modelhandling,auxiliary,cleanmodelIQM.m,,
.,classeshandling,modelhandling,auxiliary,deleteparametersIQM.m,,
.,classeshandling,modelhandling,auxiliary,deletereactionratesIQM.m,,
.,classeshandling,modelhandling,auxiliary,depowerIQM.m,,
.,classeshandling,modelhandling,auxiliary,getnumberoftypeIQM.m,,
.,classeshandling,modelhandling,auxiliary,IQMmodel2text,convertModelToTextBCIQM.m,
.,classeshandling,modelhandling,auxiliary,IQMmodel2text,convertModelToTextIQM.m,
.,classeshandling,modelhandling,auxiliary,IQMmodel2text,reverseMoietyConservationsIQM.m,
.,classeshandling,modelhandling,auxiliary,IQMmodel2text,setPartsToCompleteTextBCIQM.m,
.,classeshandling,modelhandling,auxiliary,IQMmodel2text,setPartsToCompleteTextIQM.m,
.,classeshandling,modelhandling,auxiliary,nonnumericICserrorIQM.m,,
.,classeshandling,modelhandling,auxiliary,ODEmodel,createEventAssignmentFunctionIQM.m,
.,classeshandling,modelhandling,auxiliary,ODEmodel,createEventFunctionIQM.m,
.,classeshandling,modelhandling,auxiliary,ODEmodel,createSimulationDataFunctionIQM.m,
.,classeshandling,modelhandling,auxiliary,ODEmodel,processFormulaIQM.m,
.,classeshandling,modelhandling,auxiliary,reactionindexIQM.m,,
.,classeshandling,modelhandling,auxiliary,removedelayIQM.m,,
.,classeshandling,modelhandling,auxiliary,replaceelementIQM.m,,
.,classeshandling,modelhandling,auxiliary,SBMLexport,exportSBMLcheckIQMmodelIQM.m,
.,classeshandling,modelhandling,auxiliary,SBMLexport,modeltools,addDefaultCompartment.m
.,classeshandling,modelhandling,auxiliary,SBMLexport,modeltools,checkCompartmentsForLoop.m
.,classeshandling,modelhandling,auxiliary,SBMLexport,modeltools,checkNamesInIQMmodel.m
.,classeshandling,modelhandling,auxiliary,SBMLexport,modeltools,convert2SBMLNotes.m
.,classeshandling,modelhandling,auxiliary,SBMLexport,modeltools,existsNameInIQMmodel.m
.,classeshandling,modelhandling,auxiliary,SBMLexport,modeltools,fetchCompartments.m
.,classeshandling,modelhandling,auxiliary,SBMLexport,modeltools,getAllNamesFromIQMmodel.m
.,classeshandling,modelhandling,auxiliary,SBMLexport,modeltools,getIQMmodelFunctionNames.m
.,classeshandling,modelhandling,auxiliary,SBMLexport,modeltools,IQMmakeSBMLpresets.m
.,classeshandling,modelhandling,auxiliary,SBMLexport,modeltools,isIQMmodelName.m
.,classeshandling,modelhandling,auxiliary,SBMLexport,modeltools,testSBMLsettings.m
.,classeshandling,modelhandling,auxiliary,SBMLexport,stringtools,isBracketstring.m
.,classeshandling,modelhandling,auxiliary,SBMLexport,stringtools,isBracketstringWellformed.m
.,classeshandling,modelhandling,auxiliary,SBMLexport,stringtools,isClosedBracket.m
.,classeshandling,modelhandling,auxiliary,SBMLexport,stringtools,isFOSign.m
.,classeshandling,modelhandling,auxiliary,SBMLexport,stringtools,isFunctionIdentifier.m
.,classeshandling,modelhandling,auxiliary,SBMLexport,stringtools,isLetter2.m
.,classeshandling,modelhandling,auxiliary,SBMLexport,stringtools,isNumber.m
.,classeshandling,modelhandling,auxiliary,SBMLexport,stringtools,isOpenedBracket.m
.,classeshandling,modelhandling,auxiliary,SBMLexport,stringtools,isSign.m
.,classeshandling,modelhandling,auxiliary,SBMLexport,stringtools,isSOSign.m
.,classeshandling,modelhandling,auxiliary,SBMLexport,stringtools,matchStringOnArray.m
.,classeshandling,modelhandling,auxiliary,SBMLexport,stringtools,messageOutput.m
.,classeshandling,modelhandling,auxiliary,SBMLimport,convert2IQMNotes.m,
.,classeshandling,modelhandling,auxiliary,SBMLimport,convertName2IdIQM.m,
.,classeshandling,modelhandling,auxiliary,SBMLimport,convertSBML2IQM.m,
.,classeshandling,modelhandling,auxiliary,SBMLimport,importSBMLIQM.m,
.,classeshandling,modelhandling,auxiliary,stateindexIQM.m,,
.,classeshandling,modelhandling,auxiliary,text2IQMmodel,convertTEXTArrayDefIQM.m,
.,classeshandling,modelhandling,auxiliary,text2IQMmodel,convertTextBCToModelIQM.m,
.,classeshandling,modelhandling,auxiliary,text2IQMmodel,convertTextToModelIQM.m,
.,classeshandling,modelhandling,auxiliary,text2IQMmodel,getPartsFromCompleteTextBCIQM.m,
.,classeshandling,modelhandling,auxiliary,text2IQMmodel,getPartsFromCompleteTextIQM.m,
.,classeshandling,modelhandling,auxiliary,variableindexIQM.m,,
.,classeshandling,modelhandling,IQMalgebraic.m,,,
.,classeshandling,modelhandling,IQMcalcICvector.m,,,
.,classeshandling,modelhandling,IQMconvert2MA.m,,,
.,classeshandling,modelhandling,IQMconvertNonNum2NumIC.m,,,
.,classeshandling,modelhandling,IQMcreateODEfile.m,,,
.,classeshandling,modelhandling,IQMcreateTempODEfile.m,,,
.,classeshandling,modelhandling,IQMcreateTEXTBCfile.m,,,
.,classeshandling,modelhandling,IQMcreateTEXTBCmodel.m,,,
.,classeshandling,modelhandling,IQMcreateTEXTfile.m,,,
.,classeshandling,modelhandling,IQMcreateTEXTmodel.m,,,
.,classeshandling,modelhandling,IQMdeleteTempODEfile.m,,,
.,classeshandling,modelhandling,IQMevents.m,,,
.,classeshandling,modelhandling,IQMexportSBML.m,,,
.,classeshandling,modelhandling,IQMfunctions.m,,,
.,classeshandling,modelhandling,IQMfunctionsMATLAB.m,,,
.,classeshandling,modelhandling,IQMinitialconditions.m,,,
.,classeshandling,modelhandling,IQMmodelnotes.m,,,
.,classeshandling,modelhandling,IQMoverwriteICs.m,,,
.,classeshandling,modelhandling,IQMparameters.m,,,
.,classeshandling,modelhandling,IQMreactions.m,,,
.,classeshandling,modelhandling,IQMstates.m,,,
.,classeshandling,modelhandling,IQMvariables.m,,,
.,classeshandling,modelhandling,isIQMmodel.m,,,
.,Contents.m,,,,,
.,installIQMlite.m,,,,,
.,SETUP_PATHS_TOOLS_IQMLITE.m,,,,,
.,tasks,analysis,behaviorlocalization,IQMlocbehavcomp.m,,
.,tasks,analysis,behaviorlocalization,IQMlocbehavinteract.m,,
.,tasks,analysis,behaviorlocalization,IQMlocbehavinteract2.m,,
.,tasks,analysis,globalparametersensitivity,auxiliary,abs_sensglobaldefaultobjectiveIQM.m,
.,tasks,analysis,globalparametersensitivity,auxiliary,rel_sensglobaldefaultobjectiveIQM.m,
.,tasks,analysis,globalparametersensitivity,auxiliary,sampling,contents.m
.,tasks,analysis,globalparametersensitivity,auxiliary,sampling,latin_hs.m
.,tasks,analysis,globalparametersensitivity,auxiliary,sampling,lhsu.m
.,tasks,analysis,globalparametersensitivity,auxiliary,sampling,lhs_empir.m
.,tasks,analysis,globalparametersensitivity,auxiliary,sampling,lhs_empirco.m
.,tasks,analysis,globalparametersensitivity,auxiliary,sampling,lhs_iman.m
.,tasks,analysis,globalparametersensitivity,auxiliary,sampling,lhs_iman_n.m
.,tasks,analysis,globalparametersensitivity,auxiliary,sampling,lhs_stein.m
.,tasks,analysis,globalparametersensitivity,auxiliary,sampling,ltqnorm.m
.,tasks,analysis,globalparametersensitivity,auxiliary,sampling,mchol.m
.,tasks,analysis,globalparametersensitivity,auxiliary,sampling,ranking.m
.,tasks,analysis,globalparametersensitivity,auxiliary,sampling,rank_corr.m
.,tasks,analysis,globalparametersensitivity,auxiliary,sampling,ransamp.m
.,tasks,analysis,globalparametersensitivity,auxiliary,sampling,test_sampling.m
.,tasks,analysis,globalparametersensitivity,auxiliary,sampling,test_sampling2.m
.,tasks,analysis,globalparametersensitivity,IQMsensglobalfast.m,,
.,tasks,analysis,globalparametersensitivity,IQMsensglobalprcc.m,,
.,tasks,analysis,globalparametersensitivity,IQMsensglobalsobol.m,,
.,tasks,analysis,globalparametersensitivity,IQMsensglobalwals.m,,
.,tasks,analysis,IQMjacobian.m,,,
.,tasks,analysis,IQMmakeirreversible.m,,,
.,tasks,analysis,IQMmoietyconservations.m,,,
.,tasks,analysis,IQMreactantstoichiometry.m,,,
.,tasks,analysis,IQMreducemodel.m,,,
.,tasks,analysis,IQMsteadystate.m,,,
.,tasks,analysis,IQMstoichiometry.m,,,
.,tasks,analysis,localparametersensitivity,auxiliary,periodeventfunctioneventsIQM.m,
.,tasks,analysis,localparametersensitivity,auxiliary,periodeventfunctionIQM.m,
.,tasks,analysis,localparametersensitivity,IQMmca.m,,
.,tasks,analysis,localparametersensitivity,IQMsensamplitude.m,,
.,tasks,analysis,localparametersensitivity,IQMsensdataosc.m,,
.,tasks,analysis,localparametersensitivity,IQMsensdataoscevents.m,,
.,tasks,analysis,localparametersensitivity,IQMsensdatastat.m,,
.,tasks,analysis,localparametersensitivity,IQMsensperiod.m,,
.,tasks,analysis,localparametersensitivity,IQMsensstat.m,,
.,tasks,modelreduction,auxiliary,reduceoptimIQM.m,,
.,tasks,modelreduction,auxiliary,reducereacIQM.m,,
.,tasks,modelreduction,auxiliary,reducereactionprepIQM.m,,
.,tasks,modelreduction,auxiliary,redupdateIQM.m,,
.,tasks,modelreduction,IQMprepredreac.m,,,
.,tasks,modelreduction,IQMredallreac.m,,,
.,tasks,modelreduction,IQMredreac.m,,,
.,tasks,simulation,auxiliary,convertFastReacModelIQM.m,,
.,tasks,simulation,auxiliary,eventsimulateIQM.m,,
.,tasks,simulation,auxiliary,simulatedosingIQM.m,,
.,tasks,simulation,auxiliary,simulateIQM.m,,
.,tasks,simulation,auxiliary,stochIQM.m,,
.,tasks,simulation,IQMinsilicoexp.m,,,
.,tasks,simulation,IQMsimdosing.m,,,
.,tasks,simulation,IQMsimulate.m,,,
.,tasks,simulation,IQMstochsim.m,,,
.,tools,dataset,auxiliary,ixdataIQM.m,,
.,tools,dataset,auxiliary,subsetIQM.m,,
.,tools,dataset,IQMdataset2wide.m,,,
.,tools,dataset,IQMexportCSVdataset.m,,,
.,tools,dataset,IQMgetdatasetHeader.m,,,
.,tools,dataset,IQMloadCSVdataset.m,,,
.,tools,dataset,IQMloadNONCSVdataset.m,,,
.,tools,dataset,IQMresampleDataset.m,,,
.,tools,dataset,IQMsas7bdat2csv.m,,,
.,tools,interpolation,interp0IQM.m,,,
.,tools,interpolation,interp1IQM.m,,,
.,tools,interpolation,interpcseIQM.m,,,
.,tools,interpolation,interpcseSlopeIQM.m,,,
.,tools,interpolation,interpcsexIQM.m,,,
.,tools,interpolation,interpcsexSlopeIQM.m,,,
.,tools,interpolation,interpcsIQM.m,,,
.,tools,model,functions,andIQM.m,,
.,tools,model,functions,delayIQM.m,,
.,tools,model,functions,indexmaxIQM.m,,
.,tools,model,functions,maxIQM.m,,
.,tools,model,functions,minIQM.m,,
.,tools,model,functions,multiplyIQM.m,,
.,tools,model,functions,orIQM.m,,
.,tools,model,functions,piecewiseIQM.m,,
.,tools,model,functions,piecewiseSmoothIQM.m,,
.,tools,model,functions,piecewiseT0IQM.m,,
.,tools,model,functions,xorIQM.m,,
.,tools,model,IQMeditBCGUI,IQMeditBC.m,,
.,tools,model,IQMeditGUI,IQMedit.m,,
.,tools,model,kineticlaws,allkineticlaws.m,,
.,tools,model,kineticlaws,getkinformulaIQM.m,,
.,tools,model,kineticlaws,kin_allosteric_inihib_empirical_rev.m,,
.,tools,model,kineticlaws,kin_allosteric_inihib_mwc_irr.m,,
.,tools,model,kineticlaws,kin_catalytic_activation_irr.m,,
.,tools,model,kineticlaws,kin_catalytic_activation_rev.m,,
.,tools,model,kineticlaws,kin_comp_inihib_irr.m,,
.,tools,model,kineticlaws,kin_comp_inihib_rev.m,,
.,tools,model,kineticlaws,kin_constantflux.m,,
.,tools,model,kineticlaws,kin_degradation.m,,
.,tools,model,kineticlaws,kin_hill_1_modifier_rev.m,,
.,tools,model,kineticlaws,kin_hill_2_modifiers_rev.m,,
.,tools,model,kineticlaws,kin_hill_cooperativity_irr.m,,
.,tools,model,kineticlaws,kin_hill_rev.m,,
.,tools,model,kineticlaws,kin_hyperbolic_modifier_irr.m,,
.,tools,model,kineticlaws,kin_hyperbolic_modifier_rev.m,,
.,tools,model,kineticlaws,kin_iso_uni_uni_rev.m,,
.,tools,model,kineticlaws,kin_mass_action_irr.m,,
.,tools,model,kineticlaws,kin_mass_action_rev.m,,
.,tools,model,kineticlaws,kin_michaelis_menten_irr.m,,
.,tools,model,kineticlaws,kin_michaelis_menten_rev.m,,
.,tools,model,kineticlaws,kin_mixed_activation_irr.m,,
.,tools,model,kineticlaws,kin_mixed_activation_rev.m,,
.,tools,model,kineticlaws,kin_mixed_inihib_irr.m,,
.,tools,model,kineticlaws,kin_mixed_inihib_rev.m,,
.,tools,model,kineticlaws,kin_noncomp_inihib_irr.m,,
.,tools,model,kineticlaws,kin_noncomp_inihib_rev.m,,
.,tools,model,kineticlaws,kin_ordered_bi_bi_rev.m,,
.,tools,model,kineticlaws,kin_ordered_bi_uni_rev.m,,
.,tools,model,kineticlaws,kin_ordered_uni_bi_rev.m,,
.,tools,model,kineticlaws,kin_ping_pong_bi_bi_rev.m,,
.,tools,model,kineticlaws,kin_specific_activation_irr.m,,
.,tools,model,kineticlaws,kin_specific_activation_rev.m,,
.,tools,model,kineticlaws,kin_substrate_activation_irr.m,,
.,tools,model,kineticlaws,kin_substrate_inihib_irr.m,,
.,tools,model,kineticlaws,kin_substrate_inihib_rev.m,,
.,tools,model,kineticlaws,kin_uncomp_inihib_irr.m,,
.,tools,model,kineticlaws,kin_uncomp_inihib_rev.m,,
.,tools,model,kineticlaws,kin_uni_uni_rev.m,,
.,tools,optimization,auxiliary,handleLowHighBoundsIQM.m,,
.,tools,optimization,auxiliary,pswarm,InitPatternSearch.m,
.,tools,optimization,auxiliary,pswarm,PenaltyEval.m,
.,tools,optimization,auxiliary,pswarm,PollStep.m,
.,tools,optimization,auxiliary,pswarm,Projection.m,
.,tools,optimization,auxiliary,pswarm,unifrndIQM.m,
.,tools,optimization,fSSmIQM.m,,,
.,tools,optimization,isresIQM.m,,,
.,tools,optimization,pswarmIQM.m,,,
.,tools,optimization,simannealingIQM.m,,,
.,tools,optimization,simplexIQM.m,,,
.,tools,optimization,SSmIQM.m,,,
.,tools,plots,auxiliary,plotboxIQM.m,,
.,tools,plots,auxiliary,plotcorrIQM.m,,
.,tools,plots,auxiliary,plotgeneralIQM.m,,
.,tools,plots,IQMbarplotErrors.m,,,
.,tools,plots,IQMplot2GUI,IQMplot2.m,,
.,tools,plots,IQMplotCovarianceCat.m,,,
.,tools,plots,IQMplotfacetgrid.m,,,
.,tools,plots,IQMplotfill.m,,,
.,tools,plots,IQMplotGUI,createdatastruct2IQMplotIQM.m,,
.,tools,plots,IQMplotGUI,createdatastructIQMplotIQM.m,,
.,tools,plots,IQMplotGUI,IQMplot.m,,
.,tools,plots,IQMplotHistogram.m,,,
.,tools,plots,IQMplotpairwiseCorr.m,,,
.,tools,plots,IQMplotQQ.m,,,
.,tools,plots,IQMplotselected.m,,,
.,tools,plots,IQMplottrellis.m,,,
.,tools,plots,IQMplotXY.m,,,
.,tools,publish,IQMpublish.m,,,
.,tools,signal,centeredfftIQM.m,,,
.,tools,signal,positivefftIQM.m,,,
.,tools,signal,postpadIQM.m,,,
.,tools,signal,prepadIQM.m,,,
.,tools,signal,resampleIQM.m,,,
.,tools,signal,xcorrIQM.m,,,
.,tools,smoothing,binnedmeanIQM.m,,,
.,tools,smoothing,binnedmedianIQM.m,,,
.,tools,smoothing,binnedquantilesIQM.m,,,
.,tools,smoothing,movingAverageIQM.m,,,
.,tools,smoothing,movingMedianIQM.m,,,
.,tools,smoothing,movingQuantileIQM.m,,,
.,tools,solvers,fsolveIQM.m,,,
.,tools,statistic,auxiliary,common_size.m,,
.,tools,statistic,auxiliary,iscomplex.m,,
.,tools,statistic,auxiliary,ismatrixIQM.m,,
.,tools,statistic,auxiliary,plot_dendrogram.m,,
.,tools,statistic,boxplotIQM.m,,,
.,tools,statistic,centerIQM.m,,,
.,tools,statistic,clusteringIQM.m,,,
.,tools,statistic,distributions,betacdfIQM.m,,
.,tools,statistic,distributions,betainvIQM.m,,
.,tools,statistic,distributions,betapdfIQM.m,,
.,tools,statistic,distributions,chi2cdfIQM.m,,
.,tools,statistic,distributions,chi2invIQM.m,,
.,tools,statistic,distributions,chi2pdfIQM.m,,
.,tools,statistic,distributions,fcdfIQM.m,,
.,tools,statistic,distributions,finvIQM.m,,
.,tools,statistic,distributions,fpdfIQM.m,,
.,tools,statistic,distributions,gamcdfIQM.m,,
.,tools,statistic,distributions,gaminvIQM.m,,
.,tools,statistic,distributions,gampdfIQM.m,,
.,tools,statistic,distributions,normcdfIQM.m,,
.,tools,statistic,distributions,norminvIQM.m,,
.,tools,statistic,distributions,normpdfIQM.m,,
.,tools,statistic,distributions,stdnormalcdfIQM.m,,
.,tools,statistic,distributions,stdnormalinvIQM.m,,
.,tools,statistic,distributions,stdnormalpdfIQM.m,,
.,tools,statistic,distributions,tcdfIQM.m,,
.,tools,statistic,distributions,tinvIQM.m,,
.,tools,statistic,distributions,tpdfIQM.m,,
.,tools,statistic,kurtosisIQM.m,,,
.,tools,statistic,mvnrndIQM.m,,,
.,tools,statistic,nanmeanIQM.m,,,
.,tools,statistic,nanmedianIQM.m,,,
.,tools,statistic,nanstdIQM.m,,,
.,tools,statistic,pdistIQM.m,,,
.,tools,statistic,prctileIQM.m,,,
.,tools,statistic,princompIQM.m,,,
.,tools,statistic,qqplotIQM.m,,,
.,tools,statistic,quantileIQM.m,,,
.,tools,statistic,regressIQM.m,,,
.,tools,statistic,sumsqIQM.m,,,
.,tools,statistic,swtestIQM.m,,,
.,tools,statistic,zscoreIQM.m,,,
.,tools,stringhandling,cell2wraptextIQM.m,,,
.,tools,stringhandling,cellmaxlengthIQM.m,,,
.,tools,stringhandling,explodePCIQM.m,,,
.,tools,stringhandling,extractPIQM.m,,,
.,tools,stringhandling,postFillCharIQM.m,,,
.,tools,stringhandling,preFillCharIQM.m,,,
.,tools,symbolic,formula2vecIQM.m,,,
.,tools,symbolic,IQMsymjacobian.m,,,
.,tools,symbolic,maplearrayIQM.m,,,
.,tools,symbolic,substitutevarsIQM.m,,,
.,tools,templates,IQMnewscript.m,,,
.,tools,templates,scriptTemplateIQM.m,,,
